<?xml version="1.0" encoding="UTF-8"?>
<project-private xmlns="http://www.netbeans.org/ns/project-private/1">
    <editor-bookmarks xmlns="http://www.netbeans.org/ns/editor-bookmarks/2" lastBookmarkId="0"/>
    <open-files xmlns="http://www.netbeans.org/ns/projectui-open-files/2">
        <group>
            <file>file:/C:/Users/Farizall/Documents/NetBeansProjects/proyekanpbo/cafe/src/DAOdatacafe/datacafeDAO.java</file>
            <file>file:/C:/Users/Farizall/Documents/NetBeansProjects/proyekanpbo/cafe/src/view/transaksi.java</file>
            <file>file:/C:/Users/Farizall/Documents/NetBeansProjects/proyekanpbo/cafe/src/view/BayarView.java</file>
            <file>file:/C:/Users/Farizall/Documents/NetBeansProjects/proyekanpbo/cafe/src/view/LoginView.java</file>
            <file>file:/C:/Users/Farizall/Documents/NetBeansProjects/proyekanpbo/cafe/src/view/cafe.java</file>
            <file>file:/C:/Users/Farizall/Documents/NetBeansProjects/proyekanpbo/cafe/src/DAOcontroller/datapelanggancontroller.java</file>
            <file>file:/C:/Users/Farizall/Documents/NetBeansProjects/proyekanpbo/cafe/src/DAOcontroller/datacafecontroller.java</file>
            <file>file:/C:/Users/Farizall/Documents/NetBeansProjects/proyekanpbo/cafe/src/DAOcontroller/datalogincontroller.java</file>
            <file>file:/C:/Users/Farizall/Documents/NetBeansProjects/proyekanpbo/cafe/src/DAOImplements/datacafeDAOImpl.java</file>
            <file>file:/C:/Users/Farizall/Documents/NetBeansProjects/proyekanpbo/cafe/src/view/MainView.java</file>
            <file>file:/C:/Users/Farizall/Documents/NetBeansProjects/proyekanpbo/cafe/src/model/modeltabelpelanggan.java</file>
            <file>file:/C:/Users/Farizall/Documents/NetBeansProjects/proyekanpbo/cafe/src/view/PelangganView.java</file>
            <file>file:/C:/Users/Farizall/Documents/NetBeansProjects/proyekanpbo/cafe/src/model/datacafe.java</file>
        </group>
    </open-files>
</project-private>
